AxIS Spike File,C:\Users\zzh20\OneDrive - University of Cambridge\Deane Lab\Experiment data\20250625_MEA_LGI2 KD neurons\Plate 1\20250927_LGI2 KD_Plate 1_D21N(000).spk
File Type,24-well

Analysis Start,0.000000
Analysis End,444.000000
Active Electrode Criterion (spks/min), 5
Minimum Covered Resistance (kOhms),18
Remove Coincident Artifacts,False

Electrode Burst Settings,
    Algorithm,ISI Threshold,
    Min # of Spikes,5.000000
    Max ISI (ms),100.000000

Network Burst Settings,
    Algorithm,ISI Threshold,
    Min # of Spikes,50.000000
    Max ISI (ms),100.000000
    Min # of Electrodes (%),35.000000

Synchrony Settings,
    Synchrony Window,20.000000

Average Network Burst Analysis Settings,
    Number of network bursts vary by well
    Network Burst Window Start (ms),0.000000
    Network Burst Window End (ms),500.000000
    Bin Size (ms),1.000000

Well Averages,A1,A2,A3,A4,A5,A6,B1,B2,B3,B4,B5,B6,C1,C2,C3,C4,C5,C6,D1,D2,D3,D4,D5,D6,
Treatment/ID,SCRM_Batch 1,LGI2 KD4_Batch 1,LGI2 KD5_Batch 1,SCRM_Batch 2,LGI2 KD4_Batch 2,LGI2 KD5_Batch 2,SCRM_Batch 1,LGI2 KD4_Batch 1,LGI2 KD5_Batch 1,SCRM_Batch 2,LGI2 KD4_Batch 2,LGI2 KD5_Batch 2,SCRM_Batch 1,LGI2 KD4_Batch 1,LGI2 KD5_Batch 1,SCRM_Batch 2,LGI2 KD4_Batch 2,LGI2 KD5_Batch 2,SCRM_Batch 1,LGI2 KD4_Batch 1,LGI2 KD5_Batch 1,SCRM_Batch 2,LGI2 KD4_Batch 2,LGI2 KD5_Batch 2
Activity Metrics
    Number of Spikes,2605.000000,1942.000000,1706.000000,1155.000000,2033.000000,2514.000000,2390.000000,3578.000000,2841.000000,2285.000000,1747.000000,3178.000000,2491.000000,3175.000000,3386.000000,3251.000000,2567.000000,1454.000000,1970.000000,729.000000,2853.000000,2250.000000,3454.000000,3725.000000
    Mean Firing Rate (Hz),0.366695,0.273367,0.240146,0.162584,0.286177,0.353885,0.336430,0.503660,0.399916,0.321650,0.245918,0.447354,0.350648,0.446931,0.476633,0.457630,0.361346,0.204673,0.277309,0.102618,0.401605,0.316723,0.486205,0.524352
    ISI Coefficient of Variation - Avg,1.769771,2.185161,2.130744,1.695389,1.719435,1.834967,1.895837,2.182793,2.396419,2.007329,1.802624,2.048133,1.902747,2.202079,1.913613,1.815636,2.123022,1.606430,1.757804,1.715557,2.125805,1.959996,1.894331,1.997615
    Number of Active Electrodes,9.000000,9.000000,7.000000,8.000000,10.000000,12.000000,13.000000,10.000000,11.000000,10.000000,10.000000,9.000000,13.000000,11.000000,10.000000,12.000000,11.000000,7.000000,11.000000,7.000000,13.000000,10.000000,13.000000,10.000000
    Weighted Mean Firing Rate (Hz),0.622122,0.477477,0.515766,0.303773,0.452703,0.467905,0.409910,0.796847,0.571048,0.504054,0.371622,0.775025,0.431393,0.634111,0.753604,0.598536,0.511261,0.457851,0.390663,0.210746,0.490125,0.485811,0.593382,0.820495
Electrode Burst Metrics
    Number of Bursts,31.000000,81.000000,45.000000,7.000000,41.000000,54.000000,21.000000,129.000000,93.000000,32.000000,24.000000,67.000000,49.000000,100.000000,54.000000,54.000000,69.000000,23.000000,20.000000,7.000000,66.000000,36.000000,94.000000,88.000000
    Number of Bursting Electrodes,7.000000,6.000000,4.000000,3.000000,4.000000,6.000000,8.000000,8.000000,7.000000,7.000000,5.000000,5.000000,11.000000,9.000000,5.000000,9.000000,7.000000,3.000000,7.000000,3.000000,10.000000,7.000000,7.000000,7.000000
    Burst Duration - Avg (sec),0.294211,0.294643,0.316682,0.305667,0.314780,0.233592,0.358066,0.356158,0.375196,0.265214,0.257731,0.344939,0.298419,0.319978,0.329527,0.307974,0.312855,0.328632,0.267956,0.216443,0.317323,0.298385,0.326618,0.353159
    Burst Duration - Std (sec),0.095097,0.122314,0.059037,0.035133,0.188217,0.083080,0.335388,0.124334,0.174018,0.107946,0.079072,0.098147,0.126803,0.090269,0.245709,0.123656,0.085878,0.056655,0.068230,0.035568,0.132442,0.060748,0.095018,0.157002
    Number of Spikes per Burst - Avg,6.589286,7.137594,7.829167,6.583333,7.770604,6.313170,13.341667,9.350191,9.616246,6.759864,7.573160,8.360573,8.741703,7.705601,13.127425,9.156191,8.211831,7.425926,6.914286,5.400000,7.992083,8.008503,9.620849,10.758022
    Number of Spikes per Burst - Std,1.630942,2.139103,2.091091,1.421560,4.607075,1.478646,19.057946,2.712215,3.107144,1.892468,2.970950,3.249985,4.430993,2.664872,16.799305,5.053795,2.712076,1.679886,1.154517,0.529150,3.631106,1.648963,3.579223,8.837933
    Mean ISI within Burst - Avg (sec),0.053752,0.048086,0.049815,0.057148,0.049479,0.043610,0.040425,0.043453,0.045055,0.046016,0.040587,0.051195,0.042184,0.050626,0.045544,0.044139,0.046226,0.053055,0.044266,0.049382,0.047802,0.043843,0.041470,0.046049
    Mean ISI within Burst - Std (sec),0.016020,0.007189,0.011711,0.010138,0.003628,0.003937,0.010063,0.006745,0.010982,0.011728,0.004795,0.013162,0.008440,0.013365,0.010207,0.009979,0.007488,0.019461,0.009585,0.007265,0.010412,0.007861,0.005086,0.012633
    Median ISI within Burst - Avg (sec),0.054027,0.047131,0.049077,0.059913,0.047676,0.045650,0.035657,0.041918,0.043519,0.045840,0.037486,0.051999,0.039796,0.053355,0.044731,0.046434,0.043734,0.051746,0.043499,0.053405,0.048196,0.041453,0.039017,0.043132
    Median ISI within Burst - Std (sec),0.016088,0.009059,0.014331,0.011589,0.006046,0.005266,0.011456,0.009191,0.012890,0.014501,0.006288,0.013983,0.010658,0.018339,0.012620,0.014816,0.009672,0.017334,0.013499,0.009097,0.015245,0.009817,0.007569,0.013092
    Median/Mean ISI within Burst - Avg,0.991332,0.976051,0.968163,1.042699,0.954661,1.040393,0.865466,0.949157,0.942907,0.982039,0.914937,1.005132,0.919940,1.031938,0.938712,1.026854,0.928075,0.970767,0.970544,1.076936,0.982483,0.922609,0.918991,0.912090
    Median/Mean ISI within Burst - Std,0.037071,0.045184,0.056229,0.073477,0.066194,0.075389,0.124296,0.065849,0.080101,0.101022,0.074280,0.043890,0.135993,0.088526,0.093422,0.152159,0.076461,0.020815,0.090998,0.134404,0.129507,0.068672,0.084374,0.075361
    Inter-Burst Interval - Avg (sec),69.206688,34.236133,38.823845,102.098880,72.839408,48.837595,118.754280,22.475071,29.319368,100.314092,71.533851,26.341058,87.971530,38.174055,84.518135,35.794139,80.023705,48.813959,68.692760,31.846040,67.905015,70.203937,72.681949,53.571678
    Inter-Burst Interval - Std (sec),25.155332,21.548369,27.505809,27.588026,65.865229,45.559355,54.409357,10.682296,13.767508,69.615365,39.825557,11.826458,62.773035,23.232487,126.727682,20.138380,112.751684,41.199191,35.129717,0.000000,80.367496,16.934405,99.311757,63.851471
    Burst Frequency - Avg (Hz),0.009974,0.030405,0.025338,0.005255,0.023086,0.020270,0.005912,0.036318,0.029923,0.010296,0.010811,0.030180,0.010033,0.025025,0.024324,0.013514,0.022201,0.017267,0.006435,0.005255,0.014865,0.011583,0.030245,0.028314
    Burst Frequency - Std (Hz),0.006079,0.019098,0.015752,0.003440,0.024144,0.031435,0.003171,0.018315,0.009351,0.011251,0.009341,0.025709,0.006556,0.036289,0.028283,0.022010,0.017755,0.020436,0.004584,0.005201,0.014410,0.002408,0.021714,0.019757
    IBI Coefficient of Variation - Avg,0.621249,0.534308,0.375637,0.238948,0.786928,0.811824,0.430255,0.555261,0.612207,0.856324,0.683687,0.670898,0.634363,0.723578,0.892635,0.814906,0.559622,0.618453,0.329492,0.503358,0.601481,0.597370,0.765804,0.697423
    IBI Coefficient of Variation - Std,0.213035,0.173053,0.281734,0.000000,0.020336,0.207598,0.270326,0.245017,0.183635,0.490777,0.246892,0.211662,0.244875,0.245935,0.042279,0.383148,0.190756,0.145030,0.328780,0.000000,0.150496,0.260405,0.210268,0.120333
    Burst Percentage - Avg,4.625336,14.602226,6.903541,1.676616,5.863100,5.619420,8.997600,20.265586,17.743119,6.416974,5.533166,7.714385,16.847577,14.231814,9.353421,9.530424,13.229781,4.120787,8.212675,2.039318,16.056825,8.396989,13.929833,14.333424
    Burst Percentage - Std,6.657056,22.440426,12.980627,3.418960,12.299789,10.686734,14.706220,23.625270,22.066426,8.495116,12.242258,13.703849,19.334113,22.933435,18.421860,12.162241,19.482919,9.515805,12.113274,4.380522,21.366478,10.943432,17.898136,19.173518
Network Burst Metrics
    Number of Network Bursts,6.000000,13.000000,8.000000,0.000000,5.000000,14.000000,5.000000,16.000000,13.000000,7.000000,8.000000,12.000000,5.000000,15.000000,12.000000,5.000000,14.000000,0.000000,5.000000,0.000000,12.000000,7.000000,15.000000,14.000000
    Network Burst Frequency,0.013514,0.029279,0.018018, ,0.011261,0.031532,0.011261,0.036036,0.029279,0.015766,0.018018,0.027027,0.011261,0.033784,0.027027,0.011261,0.031532, ,0.011261, ,0.027027,0.015766,0.033784,0.031532
    Network Burst Duration - Avg (sec),1.704787,1.082825,1.251770, ,1.191200,1.620800,1.674528,1.743640,1.568843,1.668274,1.246290,1.592140,1.645904,1.378251,1.728413,1.663040,1.412863, ,1.324192, ,1.585733,1.558160,1.696272,1.559046
    Network Burst Duration - Std (sec),0.222295,0.168579,0.351893, ,0.203634,0.264171,0.382433,0.265756,0.296575,0.321158,0.193336,0.357462,0.287162,0.226733,0.276607,0.302456,0.220741, ,0.176508, ,0.349483,0.182471,0.406812,0.255510
    Number of Spikes per Network Burst - Avg,97.500000,60.461538,59.875000, ,61.800000,74.500000,153.000000,138.187500,125.461538,87.285714,61.625000,83.583333,166.200000,100.933333,147.000000,188.600000,105.500000, ,86.400000, ,120.583333,105.000000,129.266667,130.285714
    Number of Spikes per Network Burst - Std,11.674759,7.160254,7.376362, ,9.934787,15.230284,13.266499,12.034499,14.245557,12.499524,7.288690,14.100021,7.190271,11.221578,16.453792,12.502000,8.045543, ,7.162402, ,12.434982,17.888544,34.352098,30.713136
    Mean ISI within Network Burst - Avg (sec),0.017714,0.018286,0.021773, ,0.020050,0.022926,0.010996,0.012757,0.012622,0.019264,0.020694,0.019308,0.009940,0.013852,0.011939,0.008856,0.013528, ,0.015588, ,0.013259,0.015240,0.013841,0.012789
    Mean ISI within Network Burst - Std (sec),0.001794,0.002555,0.007211, ,0.005304,0.005764,0.002170,0.001930,0.001995,0.001699,0.003471,0.002992,0.001551,0.002278,0.002051,0.001371,0.001961, ,0.002538, ,0.002478,0.002418,0.003585,0.003902
    Median ISI within Network Burst - Avg (sec),0.011147,0.011009,0.014285, ,0.014672,0.016629,0.006400,0.007192,0.007277,0.012331,0.014590,0.012760,0.004936,0.009099,0.006780,0.004744,0.008037, ,0.009760, ,0.008050,0.009737,0.008075,0.007746
    Median ISI within Network Burst - Std (sec),0.001365,0.002478,0.006013, ,0.005064,0.005912,0.001233,0.000986,0.001613,0.001486,0.003539,0.002722,0.000776,0.001839,0.000996,0.001026,0.001859, ,0.002348, ,0.001989,0.002570,0.002358,0.002991
    Median/Mean ISI within Network Burst - Avg,0.628290,0.601111,0.653221, ,0.721362,0.711471,0.585999,0.569322,0.572272,0.642678,0.702385,0.661931,0.502785,0.656547,0.572757,0.532972,0.589351, ,0.624099, ,0.604522,0.635082,0.580359,0.596535
    Median/Mean ISI within Network Burst - Std,0.024982,0.099304,0.142175, ,0.055979,0.118358,0.064108,0.072781,0.047557,0.076397,0.091512,0.099088,0.087360,0.064524,0.061105,0.054684,0.072700, ,0.087840, ,0.087874,0.099260,0.070412,0.061309
    Number of Elecs Participating in Burst - Avg,13.000000,9.461538,9.500000, ,9.800000,11.357143,13.400000,11.625000,11.923077,11.142857,11.750000,9.250000,13.000000,13.266667,10.833333,13.400000,12.714286, ,14.000000, ,13.583333,13.285714,12.800000,12.071429
    Number of Elecs Participating in Burst - Std,1.264911,0.877058,1.414214, ,0.447214,1.549548,0.894427,1.310216,1.187542,1.069045,1.281740,1.658312,0.000000,1.032796,0.717741,0.547723,1.382783, ,1.224745, ,0.792961,1.253566,1.014185,0.997249
    Number of Spikes per Network Burst per Channel - Avg,7.568221,6.410451,6.340688, ,6.293333,6.575271,11.492308,12.018906,10.539845,7.825092,5.260417,9.166077,12.784615,7.640658,13.609217,14.081319,8.372043, ,6.187143, ,8.888431,7.868070,9.994884,10.809238
    Number of Spikes per Network Burst per Channel - Std,1.208466,0.708593,0.543498, ,0.863263,1.058023,1.543837,1.702954,0.835189,0.656348,0.509775,1.598006,0.553098,0.958303,1.636503,0.899039,0.954576, ,0.432153, ,0.908729,0.844431,2.141437,2.573507
    Network Burst Percentage,22.456814,40.473738,28.077374, ,15.199213,41.487669,32.008368,61.794298,57.409363,26.739606,28.219805,31.560730,33.360096,47.685039,52.096869,29.006460,57.537982, ,21.928934, ,50.718542,32.666667,56.137811,48.966443
    Network IBI Coefficient of Variation,0.095776,0.234598,0.435673, ,0.441476,0.383623,0.061015,0.147989,0.174242,0.351098,0.718631,0.343119,0.140616,0.128946,0.135563,0.217070,0.147239, ,0.038247, ,0.104604,0.088074,0.225000,0.199845
    Network Normalized Duration IQR,0.205148,0.219598,0.200564, ,0.128854,0.153140,0.122637,0.199840,0.237571,0.080157,0.092955,0.377992,0.232315,0.181038,0.229843,0.069842,0.186055, ,0.065207, ,0.294451,0.209322,0.298429,0.179169
Synchrony Metrics
    Area Under Normalized Cross-Correlation,0.018365,0.030613,0.018009,0.007773,0.010869,0.023864,0.027692,0.046331,0.043281,0.015568,0.022168,0.012223,0.047273,0.029464,0.015083,0.028489,0.043743,0.006941,0.024286,0.012109,0.032407,0.024740,0.034020,0.029624
    Area Under Cross-Correlation,0.017849,0.022241,0.013889,0.002909,0.011336,0.022691,0.032995,0.080649,0.059084,0.015297,0.013964,0.022616,0.045101,0.048198,0.047504,0.051558,0.047785,0.004786,0.013739,0.002402,0.048142,0.023667,0.069294,0.069613
    Full Width at Half Height of Normalized Cross-Correlation,90.000000,34.000000,99.000000,57.000000,98.000000,69.000000,88.000000,91.000000,101.000000,56.000000,105.000000,103.000000,80.000000,75.000000,58.000000,97.000000,25.000000,48.000000,66.000000,37.000000,134.000000,167.000000,63.000000,74.000000
    Full Width at Half Height of Cross-Correlation,525.000000,212.000000,395.000000,146.000000,496.000000,582.000000,482.000000,649.000000,767.000000,436.000000,409.000000,845.000000,568.000000,714.000000,748.000000,848.000000,341.000000,134.000000,315.000000,85.000000,877.000000,830.000000,835.000000,708.000000
    Synchrony Index, , , , , , , , , , , , , , , , , , , , , , , , 
    Kreuz SPIKE Distance, , , , , , , , , , , , , , , , , , , , , , , , 
Average Network Burst Metrics
    Start Electrode,21.000000,14.000000,31.000000, ,11.000000,12.000000,22.000000,32.000000,14.000000,34.000000,11.000000,12.000000,32.000000,31.000000,14.000000,22.000000,11.000000, ,34.000000, ,13.000000,24.000000,14.000000,21.000000
    Percent Bursts with Start Electrode,33.333333,46.153846,50.000000, ,80.000000,35.714286,60.000000,25.000000,46.153846,28.571429,37.500000,25.000000,40.000000,26.666667,66.666667,60.000000,35.714286, ,40.000000, ,50.000000,42.857143,20.000000,35.714286
    Burst Peak (Max Spikes per sec),500.000000,384.615385,375.000000, ,600.000000,285.714286,800.000000,375.000000,461.538462,428.571429,500.000000,333.333333,1000.000000,400.000000,583.333333,800.000000,428.571429, ,600.000000, ,416.666667,571.428571,333.333333,428.571429
    Time to Burst Peak (ms),157.500000,84.500000,137.500000, ,279.500000,316.500000,364.500000,294.500000,262.500000,404.500000,260.500000,206.500000,337.500000,175.500000,484.500000,325.500000,302.500000, ,103.500000, ,232.500000,455.500000,439.500000,364.500000
Viability Metrics
    Resistance - Avg (kOhms),24.270282,22.575007,24.414539,26.143647,25.902106,24.382499,26.212683,29.256533,28.412141,28.495786,28.323501,25.626914,27.729109,27.008086,28.336838,31.938823,28.311175,25.605650,26.458657,22.357677,27.004949,28.252766,28.432717,26.839600
    Resistance - Std (kOhms),3.478466,3.961198,3.672931,3.487600,4.056908,3.271871,3.788369,4.747836,5.561852,5.010913,4.007859,5.047007,3.904971,2.913848,4.921519,5.092133,3.284861,2.781248,3.296764,2.455454,3.367634,3.873279,3.867183,5.577405
    Number of Covered Electrodes,14.000000,13.000000,15.000000,15.000000,15.000000,15.000000,15.000000,15.000000,15.000000,13.000000,15.000000,15.000000,15.000000,15.000000,14.000000,15.000000,15.000000,15.000000,15.000000,14.000000,15.000000,15.000000,15.000000,15.000000
    Weighted Mean Resistance (kOhms),24.798359,23.382712,24.414539,26.143647,25.902106,24.382499,26.212683,29.256533,28.412141,30.194104,28.323501,25.626914,27.729109,27.008086,28.336838,31.938823,28.311175,25.605650,26.458657,22.690731,27.004949,28.252766,28.432717,26.839600

Measurement,A1_11,A1_12,A1_13,A1_14,A1_21,A1_22,A1_23,A1_24,A1_31,A1_32,A1_33,A1_34,A1_41,A1_42,A1_43,A1_44,A2_11,A2_12,A2_13,A2_14,A2_21,A2_22,A2_23,A2_24,A2_31,A2_32,A2_33,A2_34,A2_41,A2_42,A2_43,A2_44,A3_11,A3_12,A3_13,A3_14,A3_21,A3_22,A3_23,A3_24,A3_31,A3_32,A3_33,A3_34,A3_41,A3_42,A3_43,A3_44,A4_11,A4_12,A4_13,A4_14,A4_21,A4_22,A4_23,A4_24,A4_31,A4_32,A4_33,A4_34,A4_41,A4_42,A4_43,A4_44,A5_11,A5_12,A5_13,A5_14,A5_21,A5_22,A5_23,A5_24,A5_31,A5_32,A5_33,A5_34,A5_41,A5_42,A5_43,A5_44,A6_11,A6_12,A6_13,A6_14,A6_21,A6_22,A6_23,A6_24,A6_31,A6_32,A6_33,A6_34,A6_41,A6_42,A6_43,A6_44,B1_11,B1_12,B1_13,B1_14,B1_21,B1_22,B1_23,B1_24,B1_31,B1_32,B1_33,B1_34,B1_41,B1_42,B1_43,B1_44,B2_11,B2_12,B2_13,B2_14,B2_21,B2_22,B2_23,B2_24,B2_31,B2_32,B2_33,B2_34,B2_41,B2_42,B2_43,B2_44,B3_11,B3_12,B3_13,B3_14,B3_21,B3_22,B3_23,B3_24,B3_31,B3_32,B3_33,B3_34,B3_41,B3_42,B3_43,B3_44,B4_11,B4_12,B4_13,B4_14,B4_21,B4_22,B4_23,B4_24,B4_31,B4_32,B4_33,B4_34,B4_41,B4_42,B4_43,B4_44,B5_11,B5_12,B5_13,B5_14,B5_21,B5_22,B5_23,B5_24,B5_31,B5_32,B5_33,B5_34,B5_41,B5_42,B5_43,B5_44,B6_11,B6_12,B6_13,B6_14,B6_21,B6_22,B6_23,B6_24,B6_31,B6_32,B6_33,B6_34,B6_41,B6_42,B6_43,B6_44,C1_11,C1_12,C1_13,C1_14,C1_21,C1_22,C1_23,C1_24,C1_31,C1_32,C1_33,C1_34,C1_41,C1_42,C1_43,C1_44,C2_11,C2_12,C2_13,C2_14,C2_21,C2_22,C2_23,C2_24,C2_31,C2_32,C2_33,C2_34,C2_41,C2_42,C2_43,C2_44,C3_11,C3_12,C3_13,C3_14,C3_21,C3_22,C3_23,C3_24,C3_31,C3_32,C3_33,C3_34,C3_41,C3_42,C3_43,C3_44,C4_11,C4_12,C4_13,C4_14,C4_21,C4_22,C4_23,C4_24,C4_31,C4_32,C4_33,C4_34,C4_41,C4_42,C4_43,C4_44,C5_11,C5_12,C5_13,C5_14,C5_21,C5_22,C5_23,C5_24,C5_31,C5_32,C5_33,C5_34,C5_41,C5_42,C5_43,C5_44,C6_11,C6_12,C6_13,C6_14,C6_21,C6_22,C6_23,C6_24,C6_31,C6_32,C6_33,C6_34,C6_41,C6_42,C6_43,C6_44,D1_11,D1_12,D1_13,D1_14,D1_21,D1_22,D1_23,D1_24,D1_31,D1_32,D1_33,D1_34,D1_41,D1_42,D1_43,D1_44,D2_11,D2_12,D2_13,D2_14,D2_21,D2_22,D2_23,D2_24,D2_31,D2_32,D2_33,D2_34,D2_41,D2_42,D2_43,D2_44,D3_11,D3_12,D3_13,D3_14,D3_21,D3_22,D3_23,D3_24,D3_31,D3_32,D3_33,D3_34,D3_41,D3_42,D3_43,D3_44,D4_11,D4_12,D4_13,D4_14,D4_21,D4_22,D4_23,D4_24,D4_31,D4_32,D4_33,D4_34,D4_41,D4_42,D4_43,D4_44,D5_11,D5_12,D5_13,D5_14,D5_21,D5_22,D5_23,D5_24,D5_31,D5_32,D5_33,D5_34,D5_41,D5_42,D5_43,D5_44,D6_11,D6_12,D6_13,D6_14,D6_21,D6_22,D6_23,D6_24,D6_31,D6_32,D6_33,D6_34,D6_41,D6_42,D6_43,D6_44,
Activity Metrics
    Number of Spikes,73.000000,380.000000,6.000000,58.000000,579.000000,33.000000,85.000000,13.000000,318.000000,10.000000,233.000000,28.000000,0.000000,340.000000,29.000000,420.000000,9.000000,1.000000,248.000000,261.000000,7.000000,1.000000,135.000000,48.000000,170.000000,467.000000,265.000000,8.000000,0.000000,207.000000,8.000000,107.000000,16.000000,208.000000,45.000000,7.000000,2.000000,3.000000,96.000000,27.000000,651.000000,33.000000,367.000000,14.000000,0.000000,66.000000,170.000000,1.000000,53.000000,121.000000,9.000000,21.000000,90.000000,5.000000,125.000000,36.000000,0.000000,209.000000,1.000000,37.000000,0.000000,124.000000,4.000000,320.000000,871.000000,48.000000,2.000000,75.000000,107.000000,37.000000,5.000000,1.000000,64.000000,392.000000,78.000000,11.000000,0.000000,170.000000,4.000000,168.000000,1.000000,801.000000,53.000000,131.000000,59.000000,379.000000,114.000000,89.000000,177.000000,1.000000,299.000000,240.000000,0.000000,40.000000,111.000000,19.000000,47.000000,73.000000,3.000000,222.000000,61.000000,770.000000,70.000000,111.000000,151.000000,21.000000,77.000000,169.000000,0.000000,254.000000,93.000000,268.000000,13.000000,116.000000,128.000000,648.000000,12.000000,1.000000,5.000000,237.000000,473.000000,515.000000,551.000000,9.000000,0.000000,114.000000,524.000000,232.000000,11.000000,74.000000,63.000000,556.000000,406.000000,204.000000,283.000000,139.000000,42.000000,384.000000,21.000000,8.000000,0.000000,217.000000,421.000000,12.000000,0.000000,318.000000,139.000000,0.000000,141.000000,39.000000,16.000000,65.000000,66.000000,167.000000,270.000000,292.000000,0.000000,6.000000,741.000000,25.000000,182.000000,71.000000,306.000000,6.000000,49.000000,217.000000,97.000000,213.000000,13.000000,123.000000,233.000000,17.000000,0.000000,159.000000,33.000000,28.000000,18.000000,131.000000,134.000000,676.000000,1036.000000,7.000000,372.000000,350.000000,10.000000,62.000000,12.000000,16.000000,0.000000,18.000000,291.000000,45.000000,0.000000,296.000000,81.000000,111.000000,106.000000,1.000000,202.000000,126.000000,68.000000,227.000000,75.000000,434.000000,0.000000,462.000000,228.000000,74.000000,272.000000,173.000000,292.000000,437.000000,6.000000,30.000000,24.000000,123.000000,748.000000,259.000000,71.000000,231.000000,0.000000,384.000000,107.000000,18.000000,35.000000,247.000000,66.000000,1916.000000,40.000000,92.000000,0.000000,276.000000,55.000000,5.000000,71.000000,512.000000,0.000000,71.000000,0.000000,0.000000,9.000000,281.000000,141.000000,24.000000,113.000000,1565.000000,38.000000,510.000000,59.000000,93.000000,45.000000,109.000000,0.000000,29.000000,76.000000,159.000000,239.000000,26.000000,9.000000,27.000000,112.000000,72.000000,95.000000,690.000000,154.000000,8.000000,174.000000,426.000000,0.000000,199.000000,164.000000,172.000000,9.000000,112.000000,170.000000,3.000000,1.000000,1.000000,119.000000,49.000000,0.000000,604.000000,295.000000,74.000000,0.000000,1.000000,6.000000,10.000000,306.000000,276.000000,6.000000,283.000000,212.000000,6.000000,125.000000,25.000000,94.000000,25.000000,55.000000,311.000000,0.000000,123.000000,72.000000,51.000000,24.000000,8.000000,11.000000,42.000000,4.000000,0.000000,48.000000,181.000000,51.000000,77.000000,8.000000,11.000000,0.000000,178.000000,78.000000,8.000000,7.000000,146.000000,499.000000,52.000000,112.000000,173.000000,273.000000,17.000000,140.000000,102.000000,128.000000,478.000000,0.000000,304.000000,219.000000,203.000000,304.000000,9.000000,54.000000,11.000000,27.000000,119.000000,97.000000,457.000000,220.000000,49.000000,14.000000,461.000000,0.000000,247.000000,32.000000,149.000000,594.000000,135.000000,244.000000,249.000000,164.000000,96.000000,654.000000,925.000000,50.000000,12.000000,62.000000,148.000000,0.000000,17.000000,63.000000,41.000000,40.000000,605.000000,551.000000,132.000000,327.000000,93.000000,147.000000,357.000000,1041.000000,4.000000,20.000000,1.000000,0.000000,32.000000,25.000000,350.000000
    Mean Firing Rate (Hz),0.164414,0.855856,0.013514,0.130631,1.304054,0.074324,0.191441,0.029279,0.716216,0.022523,0.524775,0.063063,0.000000,0.765766,0.065315,0.945946,0.020270,0.002252,0.558559,0.587838,0.015766,0.002252,0.304054,0.108108,0.382883,1.051802,0.596847,0.018018,0.000000,0.466216,0.018018,0.240991,0.036036,0.468468,0.101351,0.015766,0.004505,0.006757,0.216216,0.060811,1.466216,0.074324,0.826577,0.031532,0.000000,0.148649,0.382883,0.002252,0.119369,0.272523,0.020270,0.047297,0.202703,0.011261,0.281532,0.081081,0.000000,0.470721,0.002252,0.083333,0.000000,0.279279,0.009009,0.720721,1.961712,0.108108,0.004505,0.168919,0.240991,0.083333,0.011261,0.002252,0.144144,0.882883,0.175676,0.024775,0.000000,0.382883,0.009009,0.378378,0.002252,1.804054,0.119369,0.295045,0.132883,0.853604,0.256757,0.200450,0.398649,0.002252,0.673423,0.540541,0.000000,0.090090,0.250000,0.042793,0.105856,0.164414,0.006757,0.500000,0.137387,1.734234,0.157658,0.250000,0.340090,0.047297,0.173423,0.380631,0.000000,0.572072,0.209459,0.603604,0.029279,0.261261,0.288288,1.459459,0.027027,0.002252,0.011261,0.533784,1.065315,1.159910,1.240991,0.020270,0.000000,0.256757,1.180180,0.522523,0.024775,0.166667,0.141892,1.252252,0.914414,0.459459,0.637387,0.313063,0.094595,0.864865,0.047297,0.018018,0.000000,0.488739,0.948198,0.027027,0.000000,0.716216,0.313063,0.000000,0.317568,0.087838,0.036036,0.146396,0.148649,0.376126,0.608108,0.657658,0.000000,0.013514,1.668919,0.056306,0.409910,0.159910,0.689189,0.013514,0.110360,0.488739,0.218468,0.479730,0.029279,0.277027,0.524775,0.038288,0.000000,0.358108,0.074324,0.063063,0.040541,0.295045,0.301802,1.522523,2.333333,0.015766,0.837838,0.788288,0.022523,0.139640,0.027027,0.036036,0.000000,0.040541,0.655405,0.101351,0.000000,0.666667,0.182432,0.250000,0.238739,0.002252,0.454955,0.283784,0.153153,0.511261,0.168919,0.977477,0.000000,1.040541,0.513514,0.166667,0.612613,0.389640,0.657658,0.984234,0.013514,0.067568,0.054054,0.277027,1.684685,0.583333,0.159910,0.520270,0.000000,0.864865,0.240991,0.040541,0.078829,0.556306,0.148649,4.315315,0.090090,0.207207,0.000000,0.621622,0.123874,0.011261,0.159910,1.153153,0.000000,0.159910,0.000000,0.000000,0.020270,0.632883,0.317568,0.054054,0.254505,3.524775,0.085586,1.148649,0.132883,0.209459,0.101351,0.245495,0.000000,0.065315,0.171171,0.358108,0.538288,0.058559,0.020270,0.060811,0.252252,0.162162,0.213964,1.554054,0.346847,0.018018,0.391892,0.959459,0.000000,0.448198,0.369369,0.387387,0.020270,0.252252,0.382883,0.006757,0.002252,0.002252,0.268018,0.110360,0.000000,1.360360,0.664414,0.166667,0.000000,0.002252,0.013514,0.022523,0.689189,0.621622,0.013514,0.637387,0.477477,0.013514,0.281532,0.056306,0.211712,0.056306,0.123874,0.700450,0.000000,0.277027,0.162162,0.114865,0.054054,0.018018,0.024775,0.094595,0.009009,0.000000,0.108108,0.407658,0.114865,0.173423,0.018018,0.024775,0.000000,0.400901,0.175676,0.018018,0.015766,0.328829,1.123874,0.117117,0.252252,0.389640,0.614865,0.038288,0.315315,0.229730,0.288288,1.076577,0.000000,0.684685,0.493243,0.457207,0.684685,0.020270,0.121622,0.024775,0.060811,0.268018,0.218468,1.029279,0.495495,0.110360,0.031532,1.038288,0.000000,0.556306,0.072072,0.335586,1.337838,0.304054,0.549550,0.560811,0.369369,0.216216,1.472973,2.083333,0.112613,0.027027,0.139640,0.333333,0.000000,0.038288,0.141892,0.092342,0.090090,1.362613,1.240991,0.297297,0.736486,0.209459,0.331081,0.804054,2.344595,0.009009,0.045045,0.002252,0.000000,0.072072,0.056306,0.788288
    ISI Coefficient of Variation,1.222762,3.297638, ,1.423316,1.930068, ,1.207165, ,1.547258, ,1.972010, , ,1.826946, ,1.500773, , ,2.207128,2.465495, , ,1.279617,1.408556,2.192092,3.528357,2.830585, , ,1.862462, ,1.892154, ,2.493502,1.465724, , , ,1.471189, ,3.391601, ,2.532817, , ,1.442924,2.117453, ,1.290336,1.996896, , ,1.333053, ,1.689897, , ,3.072879, ,1.117239, ,1.081597, ,1.981213,3.082607,1.447017, ,1.630434,1.499164,1.042715, , ,1.383544,2.101694,1.600130, , ,1.895577, ,1.511469, ,3.163924,1.472582,1.676866,1.447919,2.541998,1.970198,1.602539,1.536820, ,2.414929,1.427593, ,1.392851,1.371384, ,1.170861,3.131707, ,1.994751,2.070618,2.776010,1.200320,1.528533,1.901254, ,1.708318,2.162020, ,1.197622,1.585787,2.218086, ,1.290092,1.336333,1.876127, , , ,2.208414,1.680087,2.867330,2.304045, , ,2.018096,3.389835,2.857574, ,1.711535,1.757550,3.597970,2.293767,3.579523,2.273707,1.981577,1.406379,2.516290, , , ,2.909482,2.332826, , ,2.789431,1.196648, ,1.981280,1.302352, ,1.524611,2.020552,2.048316,2.087722,2.188417, , ,2.933962, ,1.886179,1.761285,2.207085, ,1.463903,1.904422,2.215139,1.053416, ,1.901290,1.777353, , ,1.856171, , , ,1.676025,2.398949,2.088671,2.207502, ,1.781512,1.969002, ,1.448489, , , , ,3.864861,0.998182, ,2.322928,1.930892,3.260418,1.326556, ,2.194993,1.837596,1.112148,1.831125,1.931459,1.343024, ,2.159391,2.327167,1.158009,2.817397,2.484083,1.614059,1.915230, , , ,2.220889,2.902371,2.036428,1.187417,2.080817, ,3.361609,1.602569, , ,1.385002,1.302978,3.585490,1.423216,1.742933, ,1.697279,1.560736, ,1.961435,2.831903, ,1.645160, , , ,2.153167,2.073068, ,1.675781,2.816971,1.228149,1.716994,1.592918,1.931926,1.809803,1.529669, , ,1.662913,1.596275,2.798675, , , ,2.451484,1.202358,1.444925,1.975601,2.061369, ,1.553491,2.954891, ,2.862406,2.056575,1.991473, ,2.185935,1.422116, , , ,2.024266,1.164166, ,2.349288,0.954310,1.144929, , , , ,2.264637,1.154162, ,2.448801,1.677670, ,1.956484, ,1.948365, ,0.853026,0.918055, ,2.423273,1.976177,1.715198, , , ,1.469615, , ,1.556848,2.193052,1.138193,1.962420, , , ,1.592987,2.095785, , ,1.264609,3.102061,0.880348,1.995178,1.908029,2.799718, ,1.909103,2.500102,2.298964,1.655568, ,3.608065,1.306560,2.407166,2.206504, ,1.375048, , ,1.130668,3.092525,1.091661,2.167325,1.404359, ,3.001355, ,2.301559, ,1.828959,2.384065,1.984709,2.595273,3.140392,2.016518,1.505418,2.115301,2.562157,0.978287, ,1.054743,1.698378, , ,1.368145,1.222910,1.093975,2.859515,1.482621,2.134990,2.473144,1.733448,2.340080,1.842540,2.490858, , , , , , ,1.524978
Electrode Burst Metrics
    Number of Bursts,0.000000,2.000000,0.000000,1.000000,8.000000,0.000000,0.000000,0.000000,4.000000,0.000000,4.000000,0.000000,0.000000,8.000000,0.000000,4.000000,0.000000,0.000000,5.000000,7.000000,0.000000,0.000000,0.000000,0.000000,8.000000,19.000000,27.000000,0.000000,0.000000,15.000000,0.000000,0.000000,0.000000,10.000000,0.000000,0.000000,0.000000,0.000000,0.000000,0.000000,20.000000,0.000000,12.000000,0.000000,0.000000,0.000000,3.000000,0.000000,0.000000,1.000000,0.000000,0.000000,0.000000,0.000000,2.000000,0.000000,0.000000,0.000000,0.000000,0.000000,0.000000,0.000000,0.000000,4.000000,26.000000,0.000000,0.000000,2.000000,0.000000,0.000000,0.000000,0.000000,0.000000,7.000000,0.000000,0.000000,0.000000,6.000000,0.000000,0.000000,0.000000,37.000000,0.000000,1.000000,0.000000,6.000000,2.000000,1.000000,0.000000,0.000000,7.000000,0.000000,0.000000,0.000000,0.000000,0.000000,0.000000,4.000000,0.000000,3.000000,0.000000,5.000000,0.000000,0.000000,0.000000,0.000000,2.000000,1.000000,0.000000,3.000000,1.000000,2.000000,0.000000,0.000000,0.000000,24.000000,0.000000,0.000000,0.000000,7.000000,13.000000,25.000000,19.000000,0.000000,0.000000,3.000000,23.000000,15.000000,0.000000,0.000000,0.000000,16.000000,17.000000,12.000000,15.000000,0.000000,0.000000,17.000000,0.000000,0.000000,0.000000,6.000000,10.000000,0.000000,0.000000,2.000000,0.000000,0.000000,3.000000,0.000000,0.000000,0.000000,2.000000,2.000000,7.000000,1.000000,0.000000,0.000000,15.000000,0.000000,2.000000,0.000000,11.000000,0.000000,0.000000,3.000000,0.000000,0.000000,0.000000,0.000000,7.000000,0.000000,0.000000,1.000000,0.000000,0.000000,0.000000,0.000000,9.000000,18.000000,31.000000,0.000000,7.000000,2.000000,0.000000,0.000000,0.000000,0.000000,0.000000,0.000000,0.000000,0.000000,0.000000,9.000000,1.000000,7.000000,0.000000,0.000000,2.000000,2.000000,0.000000,5.000000,2.000000,7.000000,0.000000,7.000000,6.000000,1.000000,10.000000,0.000000,3.000000,8.000000,0.000000,0.000000,0.000000,1.000000,52.000000,2.000000,0.000000,7.000000,0.000000,16.000000,1.000000,0.000000,0.000000,2.000000,0.000000,26.000000,0.000000,0.000000,0.000000,1.000000,0.000000,0.000000,0.000000,23.000000,0.000000,2.000000,0.000000,0.000000,0.000000,7.000000,1.000000,0.000000,1.000000,31.000000,0.000000,8.000000,0.000000,3.000000,1.000000,1.000000,0.000000,0.000000,0.000000,1.000000,15.000000,0.000000,0.000000,0.000000,0.000000,0.000000,0.000000,21.000000,2.000000,0.000000,0.000000,17.000000,0.000000,9.000000,2.000000,3.000000,0.000000,4.000000,0.000000,0.000000,0.000000,0.000000,1.000000,0.000000,0.000000,18.000000,0.000000,0.000000,0.000000,0.000000,0.000000,0.000000,0.000000,0.000000,0.000000,5.000000,1.000000,0.000000,1.000000,0.000000,3.000000,0.000000,0.000000,0.000000,0.000000,6.000000,3.000000,1.000000,0.000000,0.000000,0.000000,0.000000,0.000000,0.000000,0.000000,5.000000,0.000000,1.000000,0.000000,0.000000,0.000000,0.000000,1.000000,0.000000,0.000000,1.000000,16.000000,0.000000,2.000000,1.000000,14.000000,0.000000,4.000000,2.000000,0.000000,1.000000,0.000000,15.000000,0.000000,10.000000,6.000000,0.000000,0.000000,0.000000,0.000000,0.000000,5.000000,5.000000,5.000000,0.000000,0.000000,7.000000,0.000000,4.000000,0.000000,4.000000,19.000000,2.000000,10.000000,9.000000,4.000000,0.000000,23.000000,27.000000,0.000000,0.000000,0.000000,0.000000,0.000000,0.000000,0.000000,0.000000,0.000000,28.000000,16.000000,6.000000,10.000000,0.000000,8.000000,0.000000,18.000000,0.000000,0.000000,0.000000,0.000000,0.000000,0.000000,2.000000
    Burst Duration - Avg (sec), ,0.330320, ,0.181200,0.270540, , , ,0.158960, ,0.329660, , ,0.394460, ,0.394340, , ,0.258400,0.267566, , , , ,0.192060,0.537992,0.253058, , ,0.258784, , , ,0.280864, , , , , , ,0.404964, ,0.289193, , , ,0.291707, , ,0.340240, , , , ,0.270000, , , , , , , , ,0.306760,0.596742, , ,0.209080, , , , , ,0.232457, , , ,0.220840, , , ,0.376515, ,0.174240, ,0.232280,0.151640,0.277280, , ,0.189600, , , , , , ,0.336700, ,0.272187, ,1.175200, , , , ,0.287800,0.168640, ,0.255520,0.190960,0.177520, , , ,0.324510, , , ,0.271703,0.261397,0.478538,0.580328, , ,0.203520,0.399475,0.329792, , , ,0.752345,0.303567,0.244340,0.323104, , ,0.412927, , , ,0.284707,0.305384, , ,0.367400, , ,0.230933, , , ,0.189280,0.132040,0.309691,0.194960, , ,0.432192, ,0.232920, ,0.393258, , ,0.232053, , , , ,0.185623, , ,0.244800, , , , ,0.294098,0.492071,0.392276, ,0.302651,0.243600, , , , , , , , , ,0.275831,0.184800,0.285246, , ,0.159000,0.265000, ,0.360432,0.189440,0.299783, ,0.595166,0.434787,0.233120,0.318824, ,0.260853,0.282570, , , ,0.267040,0.403185,0.283320, ,0.190069, ,0.486825,0.387120, , ,0.190720, ,0.758938, , , ,0.159760, , , ,0.298337, ,0.239880, , , ,0.384091,0.218640, ,0.126720,0.399507, ,0.535850, ,0.365360,0.224240,0.248000, , , ,0.269360,0.283307, , , , , , ,0.404533,0.239960, , ,0.413520, ,0.368702,0.186200,0.293760, ,0.266580, , , , ,0.377600, , ,0.341716, , , , , , , , , ,0.288304,0.181680, ,0.241600, ,0.300933, , , , ,0.260213,0.212080,0.390880, , , , , , , ,0.240608, ,0.175600, , , , ,0.233120, , ,0.273840,0.572820, ,0.207920,0.129600,0.432149, ,0.224580,0.314000, ,0.354240, ,0.431781, ,0.232296,0.371533, , , , , ,0.256048,0.341136,0.323504, , ,0.253771, ,0.338760, ,0.203940,0.379044,0.261680,0.312264,0.238356,0.224260, ,0.384953,0.485769, , , , , , , , , ,0.384926,0.301645,0.277493,0.301632, ,0.211180, ,0.689920, , , , , , ,0.305320
    Burst Duration - Std (sec), ,0.110309, , ,0.084307, , , ,0.049207, ,0.106815, , ,0.230049, ,0.137286, , ,0.043083,0.104507, , , , ,0.076259,0.209109,0.083454, , ,0.059536, , , ,0.093488, , , , , , ,0.232354, ,0.087318, , , ,0.055089, , , , , , , ,0.001697, , , , , , , , ,0.094754,0.335850, , ,0.070088, , , , , ,0.092582, , , ,0.040571, , , ,0.266514, , , ,0.069248,0.016348, , , ,0.068706, , , , , , ,0.138103, ,0.039480, ,0.191253, , , , ,0.024607, , ,0.064651, ,0.073200, , , ,0.149648, , , ,0.098195,0.134697,0.213740,0.209820, , ,0.066050,0.223448,0.180810, , , ,0.248851,0.150155,0.109596,0.147423, , ,0.199903, , , ,0.068648,0.138872, , ,0.137066, , ,0.088412, , , ,0.075462,0.047008,0.269126, , , ,0.352032, ,0.050176, ,0.222341, , ,0.110806, , , , ,0.060945, , , , , , , ,0.050456,0.245034,0.199665, ,0.056793,0.069353, , , , , , , , , ,0.120632, ,0.100613, , ,0.078008,0.053684, ,0.183791,0.115513,0.195390, ,0.223579,0.193422, ,0.140141, ,0.171521,0.171033, , , , ,0.183228,0.108781, ,0.035205, ,0.214372, , , ,0.088586, ,0.539709, , , , , , , ,0.103346, ,0.077895, , , ,0.123955, , , ,0.343223, ,0.353305, ,0.087188, , , , , , ,0.107884, , , , , , ,0.250714,0.070994, , ,0.160054, ,0.133124,0.000849,0.040722, ,0.148404, , , , , , , ,0.172286, , , , , , , , , ,0.286268, , , , ,0.201051, , , , ,0.113718,0.131221, , , , , , , , ,0.058073, , , , , , , , , , ,0.218955, ,0.112911, ,0.197251, ,0.058049,0.032697, , , ,0.233935, ,0.078387,0.148258, , , , , ,0.089846,0.202058,0.190937, , ,0.058997, ,0.111977, ,0.053572,0.240934,0.064488,0.153970,0.107751,0.101403, ,0.255897,0.277910, , , , , , , , , ,0.167344,0.249574,0.123052,0.056094, ,0.092340, ,0.379583, , , , , , ,0.029925
    Number of Spikes per Burst - Avg, ,5.500000, ,5.000000,7.125000, , , ,5.500000, ,7.250000, , ,9.750000, ,6.000000, , ,5.400000,6.857143, , , , ,6.000000,11.368421,6.666667, , ,6.533333, , , ,7.300000, , , , , , ,10.350000, ,8.333333, , , ,5.333333, , ,7.000000, , , , ,5.000000, , , , , , , , ,7.750000,14.653846, , ,5.000000, , , , , ,5.428571, , , ,6.000000, , , ,8.783784, ,5.000000, ,6.666667,5.000000,7.000000, , ,5.428571, , , , , , ,8.500000, ,8.000000, ,60.400000, , , , ,6.500000,5.000000, ,7.333333,5.000000,6.000000, , , ,9.541667, , , ,6.857143,7.000000,11.960000,11.578947, , ,5.666667,13.130435,9.066667, , , ,15.000000,9.235294,9.333333,7.333333, , ,12.411765, , , ,6.000000,8.000000, , ,6.500000, , ,6.000000, , , ,5.000000,5.000000,9.285714,6.000000, , ,9.533333, ,6.000000, ,12.818182, , ,6.333333, , , , ,5.714286, , ,7.000000, , , , ,5.333333,13.388889,9.580645, ,6.000000,7.500000, , , , , , , , , ,7.777778,5.000000,11.142857, , ,5.500000,7.500000, ,8.000000,5.000000,7.571429, ,18.000000,15.666667,5.000000,7.700000, ,6.000000,8.250000, , , ,5.000000,11.230769,6.500000, ,5.857143, ,12.812500,6.000000, , ,5.000000, ,43.115385, , , ,5.000000, , , ,7.521739, ,5.000000, , , ,11.428571,7.000000, ,5.000000,14.935484, ,19.375000, ,7.666667,5.000000,6.000000, , , ,6.000000,8.600000, , , , , , ,12.095238,5.500000, , ,11.176471, ,8.444444,5.000000,6.666667, ,7.000000, , , , ,6.000000, , ,9.277778, , , , , , , , , ,7.400000,5.000000, ,7.000000, ,8.666667, , , , ,7.333333,6.000000,7.000000, , , , , , , ,5.200000, ,5.000000, , , , ,6.000000, , ,6.000000,16.437500, ,6.000000,5.000000,11.500000, ,5.750000,7.000000, ,6.000000, ,10.133333, ,6.100000,8.166667, , , , , ,6.600000,8.200000,11.200000, , ,7.142857, ,8.500000, ,6.250000,10.894737,6.500000,8.700000,6.000000,7.000000, ,12.695652,15.555556, , , , , , , , , ,10.321429,9.437500,6.333333,7.200000, ,6.125000, ,30.388889, , , , , , ,5.500000
    Number of Spikes per Burst - Std, ,0.707107, , ,1.959410, , , ,1.000000, ,1.500000, , ,4.097037, ,2.000000, , ,0.547723,1.772811, , , , ,1.414214,4.597228,1.208941, , ,1.355764, , , ,1.766981, , , , , , ,6.409491, ,2.741378, , , ,0.577350, , , , , , , ,0.000000, , , , , , , , ,2.753785,9.015286, , ,0.000000, , , , , ,0.534522, , , ,1.095445, , , ,5.437193, , , ,1.505545,0.000000, , , ,0.534522, , , , , , ,3.415650, ,1.000000, ,7.197222, , , , ,0.707107, , ,1.527525, ,1.414214, , , ,4.343703, , , ,1.676163,2.081666,5.247857,4.140797, , ,1.154701,6.607876,3.863135, , , ,5.253570,3.816566,2.674232,2.380476, , ,4.937849, , , ,2.000000,2.260777, , ,2.121320, , ,1.000000, , , ,0.000000,0.000000,5.851333, , , ,7.327703, ,1.414214, ,6.867579, , ,1.154701, , , , ,0.951190, , , , , , , ,0.707107,6.678666,4.991821, ,0.816497,0.707107, , , , , , , , , ,2.862594, ,3.078342, , ,0.707107,0.707107, ,2.121320,0.000000,2.819997, ,9.237604,6.562520, ,3.020302, ,1.732051,3.494894, , , , ,5.896544,0.707107, ,1.214986, ,4.150803, , , ,0.000000, ,40.115161, , , , , , , ,2.465573, ,0.000000, , , ,3.644957, , , ,20.423737, ,10.992692, ,1.527525, , , , , , ,3.018988, , , , , , ,6.007535,0.707107, , ,4.530939, ,2.455153,0.000000,2.081666, ,2.160247, , , , , , , ,3.967598, , , , , , , , , ,5.366563, , , , ,4.041452, , , , ,1.505545,1.732051, , , , , , , , ,0.447214, , , , , , , , , , ,7.311806, ,0.000000, ,4.847680, ,0.957427,0.000000, , , ,5.054936, ,1.449138,3.544949, , , , , ,3.049590,4.604346,4.549725, , ,1.573592, ,2.380476, ,0.957427,5.300888,2.121320,3.335000,0.866025,3.366502, ,8.921041,10.871039, , , , , , , , , ,6.788081,6.840748,1.505545,1.475730, ,1.356203, ,20.759516, , , , , , ,0.707107
    Mean ISI within Burst - Avg (sec), ,0.072372, ,0.045300,0.045178, , , ,0.037093, ,0.051961, , ,0.044496, ,0.079862, , ,0.058517,0.045655, , , , ,0.038761,0.054376,0.044043, , ,0.047164, , , ,0.045029, , , , , , ,0.046185, ,0.040984, , , ,0.067060, , ,0.056707, , , , ,0.067500, , , , , , , , ,0.047238,0.048158, , ,0.052270, , , , , ,0.052542, , , ,0.044945, , , ,0.049417, ,0.043560, ,0.041585,0.037910,0.046213, , ,0.042975, , , , , , ,0.047162, ,0.038893, ,0.019733, , , , ,0.052473,0.042160, ,0.040413,0.047740,0.034827, , , ,0.038831, , , ,0.047010,0.041655,0.046134,0.056049, , ,0.044462,0.033260,0.040219, , , ,0.056683,0.038710,0.029864,0.051292, , ,0.036021, , , ,0.059030,0.043785, , ,0.066976, , ,0.047948, , , ,0.047320,0.033010,0.035175,0.038992, , ,0.052689, ,0.047047, ,0.033862, , ,0.042189, , , , ,0.039037, , ,0.040800, , , , ,0.068377,0.041355,0.048242, ,0.060886,0.037116, , , , , , , , , ,0.040862,0.046200,0.028407, , ,0.037154,0.040560, ,0.049572,0.047360,0.043547, ,0.041471,0.030612,0.058280,0.048218, ,0.048848,0.038306, , , ,0.066760,0.042092,0.053224, ,0.039941, ,0.040826,0.077424, , ,0.047680, ,0.032561, , , ,0.039940, , , ,0.047569, ,0.059970, , , ,0.038039,0.036440, ,0.031680,0.045015, ,0.031528, ,0.055021,0.056060,0.049600, , , ,0.053872,0.038331, , , , , , ,0.036062,0.055246, , ,0.043338, ,0.049418,0.046550,0.054639, ,0.042271, , , , ,0.075520, , ,0.041373, , , , , , , , , ,0.042325,0.045420, ,0.040267, ,0.036618, , , , ,0.040049,0.040034,0.065147, , , , , , , ,0.057622, ,0.043900, , , , ,0.046624, , ,0.054768,0.039279, ,0.041584,0.032400,0.042986, ,0.048722,0.052333, ,0.070848, ,0.048746, ,0.046353,0.053860, , , , , ,0.048503,0.048742,0.029968, , ,0.042262, ,0.045043, ,0.038525,0.039141,0.048959,0.039930,0.047929,0.039203, ,0.034924,0.040201, , , , , , , , , ,0.047637,0.036101,0.051060,0.050158, ,0.040232, ,0.028989, , , , , , ,0.068168
    Mean ISI within Burst - Std (sec), ,0.013141, , ,0.010398, , , ,0.015352, ,0.004684, , ,0.009062, ,0.004909, , ,0.003156,0.010846, , , , ,0.013879,0.011747,0.007938, , ,0.005080, , , ,0.010157, , , , , , ,0.009554, ,0.009647, , , ,0.005257, , , , , , , ,0.000424, , , , , , , , ,0.006766,0.012485, , ,0.017522, , , , , ,0.020648, , , ,0.008054, , , ,0.014348, , , ,0.009076,0.004087, , , ,0.016106, , , , , , ,0.013979, ,0.001056, ,0.001431, , , , ,0.002272, , ,0.003504, ,0.004789, , , ,0.011288, , , ,0.014583,0.009958,0.011671,0.007745, , ,0.016241,0.008617,0.011292, , , ,0.012130,0.012960,0.012325,0.011935, , ,0.010101, , , ,0.006686,0.012322, , ,0.000911, , ,0.020227, , , ,0.018866,0.011752,0.006397, , , ,0.013706, ,0.003272, ,0.007167, , ,0.013879, , , , ,0.008785, , , , , , , ,0.010493,0.012322,0.012289, ,0.008374,0.006632, , , , , , , , , ,0.007845, ,0.008135, , ,0.023173,0.003847, ,0.013223,0.028878,0.019680, ,0.014949,0.005044, ,0.009046, ,0.014814,0.006098, , , , ,0.008336,0.026621, ,0.005548, ,0.009099, , , ,0.022147, ,0.019783, , , , , , , ,0.014396, ,0.019474, , , ,0.008377, , , ,0.017322, ,0.011353, ,0.005452, , , , , , ,0.009426, , , , , , ,0.009212,0.024457, , ,0.013113, ,0.005055,0.000212,0.011505, ,0.016408, , , , , , , ,0.008963, , , , , , , , , ,0.012500, , , , ,0.009825, , , , ,0.011642,0.010313, , , , , , , , ,0.014938, , , , , , , , , , ,0.008334, ,0.022582, ,0.014318, ,0.015737,0.005449, , , ,0.008826, ,0.011221,0.010457, , , , , ,0.008757,0.013341,0.007185, , ,0.008053, ,0.001754, ,0.004938,0.012412,0.007158,0.009868,0.020825,0.010117, ,0.008534,0.013755, , , , , , , , , ,0.014323,0.012900,0.017575,0.010324, ,0.010649, ,0.010381, , , , , , ,0.004062
    Median ISI within Burst - Avg (sec), ,0.070540, ,0.045400,0.043860, , , ,0.036490, ,0.054580, , ,0.046210, ,0.081110, , ,0.060240,0.045983, , , , ,0.035910,0.055038,0.040427, , ,0.045187, , , ,0.041500, , , , , , ,0.044896, ,0.039593, , , ,0.070320, , ,0.063720, , , , ,0.069120, , , , , , , , ,0.046900,0.047420, , ,0.048820, , , , , ,0.054577, , , ,0.039887, , , ,0.048761, ,0.045960, ,0.043040,0.039520,0.054240, , ,0.042377, , , , , , ,0.047250, ,0.038533, ,0.013384, , , , ,0.047440,0.041120, ,0.028187,0.039840,0.029500, , , ,0.035872, , , ,0.047703,0.040369,0.045376,0.059996, , ,0.038240,0.029546,0.038245, , , ,0.057910,0.037654,0.025197,0.052597, , ,0.030515, , , ,0.056467,0.044292, , ,0.069440, , ,0.049133, , , ,0.050380,0.027800,0.033211,0.035760, , ,0.055152, ,0.045560, ,0.028251, , ,0.039120, , , , ,0.038817, , ,0.035680, , , , ,0.069880,0.039436,0.049281, ,0.062817,0.038580, , , , , , , , , ,0.034693,0.053640,0.023971, , ,0.042580,0.033100, ,0.049960,0.042460,0.046103, ,0.035897,0.022827,0.052520,0.047172, ,0.054267,0.035555, , , ,0.068480,0.039667,0.061320, ,0.040246, ,0.041007,0.092480, , ,0.048620, ,0.030158, , , ,0.034640, , , ,0.048337, ,0.061900, , , ,0.036977,0.036760, ,0.029000,0.043448, ,0.028095, ,0.058787,0.054600,0.066880, , , ,0.063360,0.037008, , , , , , ,0.028752,0.054900, , ,0.040659, ,0.050747,0.040460,0.053613, ,0.043350, , , , ,0.071680, , ,0.040209, , , , , , , , , ,0.042360,0.042560, ,0.039160, ,0.031867, , , , ,0.042173,0.033853,0.072520, , , , , , , ,0.059856, ,0.043000, , , , ,0.057360, , ,0.068320,0.039137, ,0.035600,0.032200,0.039574, ,0.044590,0.048220, ,0.081280, ,0.047683, ,0.045356,0.053113, , , , , ,0.046112,0.048872,0.023896, , ,0.042600, ,0.041610, ,0.033970,0.035832,0.052960,0.037920,0.044551,0.032860, ,0.030718,0.038280, , , , , , , , , ,0.047417,0.031488,0.050147,0.049208, ,0.038130, ,0.023233, , , , , , ,0.062300
    Median ISI within Burst - Std (sec), ,0.021864, , ,0.014779, , , ,0.018986, ,0.009759, , ,0.018742, ,0.005467, , ,0.005921,0.012116, , , , ,0.012833,0.013687,0.008506, , ,0.005161, , , ,0.012571, , , , , , ,0.014573, ,0.011322, , , ,0.008594, , , , , , , ,0.002489, , , , , , , , ,0.013820,0.016302, , ,0.019148, , , , , ,0.022791, , , ,0.009794, , , ,0.017592, , , ,0.012127,0.004639, , , ,0.018519, , , , , , ,0.017495, ,0.010049, ,0.001602, , , , ,0.002602, , ,0.006290, ,0.001556, , , ,0.015413, , , ,0.022952,0.013989,0.013936,0.007296, , ,0.013328,0.009101,0.015211, , , ,0.013164,0.015624,0.012527,0.013229, , ,0.014609, , , ,0.007325,0.017110, , ,0.008259, , ,0.016645, , , ,0.015358,0.017310,0.008347, , , ,0.019589, ,0.012898, ,0.010524, , ,0.014616, , , , ,0.007577, , , , , , , ,0.010564,0.017193,0.017348, ,0.010824,0.004497, , , , , , , , , ,0.012083, ,0.009476, , ,0.027294,0.006251, ,0.014876,0.028143,0.031261, ,0.014544,0.010156, ,0.011106, ,0.025440,0.010283, , , , ,0.008101,0.033771, ,0.007304, ,0.012812, , , ,0.028652, ,0.024661, , , , , , , ,0.017904, ,0.022203, , , ,0.012320, , , ,0.020697, ,0.013796, ,0.009829, , , , , , ,0.015817, , , , , , ,0.010740,0.028991, , ,0.015216, ,0.008791,0.002291,0.014989, ,0.019903, , , , , , , ,0.010426, , , , , , , , , ,0.014654, , , , ,0.010768, , , , ,0.016619,0.011859, , , , , , , , ,0.019478, , , , , , , , , , ,0.010294, ,0.026587, ,0.019959, ,0.019256,0.000537, , , ,0.011352, ,0.014145,0.012505, , , , , ,0.011410,0.024384,0.007176, , ,0.013116, ,0.003233, ,0.004960,0.014920,0.005204,0.013910,0.027742,0.009112, ,0.012773,0.015727, , , , , , , , , ,0.016032,0.013745,0.022179,0.013656, ,0.014829, ,0.012375, , , , , , ,0.009588
    Median/Mean ISI within Burst, ,0.963136, ,1.002208,0.950504, , , ,0.952979, ,1.049754, , ,1.005055, ,1.015685, , ,1.029831,1.003215, , , , ,0.932922,1.011215,0.919334, , ,0.959790, , , ,0.911769, , , , , , ,0.957742, ,0.957052, , , ,1.046090, , ,1.123677, , , , ,1.024136, , , , , , , , ,0.980285,0.970953, , ,0.924542, , , , , ,1.038635, , , ,0.884514, , , ,0.968359, ,1.055096, ,1.035103,1.041928,1.173687, , ,0.968182, , , , , , ,0.989838, ,0.988714, ,0.681509, , , , ,0.906001,0.975332, ,0.695773,0.834520,0.852038, , , ,0.902347, , , ,0.987394,0.957689,0.982079,1.075158, , ,0.872629,0.893512,0.922443, , , ,1.020069,0.950185,0.847826,1.022706, , ,0.819594, , , ,0.955675,0.984294, , ,1.036051, , ,1.060202, , , ,1.086299,0.799491,0.944340,0.917111, , ,1.030776, ,0.961192, ,0.814480, , ,0.919079, , , , ,1.005421, , ,0.874510, , , , ,1.023028,0.933303,0.995930, ,1.028099,1.045300, , , , , , , , , ,0.839717,1.161039,0.829437, , ,1.138363,0.812421, ,1.004127,0.878726,0.970267, ,0.857339,0.726738,0.901167,0.976934, ,1.077544,0.926608, , , ,1.025764,0.945187,1.135459, ,1.009679, ,0.995808,1.194462, , ,0.986580, ,0.812340, , , ,0.867301, , , ,1.001164, ,1.026173, , , ,0.950831,1.008782, ,0.915404,0.923152, ,0.868670, ,1.076384,0.973956,1.348387, , , ,1.176121,0.932521, , , , , , ,0.794580,0.972917, , ,0.929150, ,1.027798,0.869070,0.970488, ,0.990677, , , , ,0.949153, , ,0.972473, , , , , , , , , ,0.993072,0.937032, ,0.972517, ,0.894254, , , , ,1.042478,0.841277,1.113181, , , , , , , ,1.021042, ,0.979499, , , , ,1.230268, , ,1.247444,0.988591, ,0.800536,0.993827,0.886240, ,0.895190,0.926961, ,1.147245, ,0.972584, ,0.966207,0.981633, , , , , ,0.945600,0.944198,0.790946, , ,0.991333, ,0.923858, ,0.880697,0.898004,1.085562,0.949200,0.870443,0.835899, ,0.855813,0.938013, , , , , , , , , ,0.987841,0.869348,0.954622,0.968648, ,0.926650, ,0.766178, , , , , , ,0.911346
    Inter-Burst Interval - Avg (sec), ,51.610320, , ,49.144651, , , ,97.967787, ,76.543973, , ,41.972571, ,98.000827, , ,70.466100,33.339000, , , , ,47.602434,18.511387,13.352080, , ,22.145794, , , ,29.488809, , , , , , ,17.136429, ,29.525542, , , ,79.144600, , , , , , , ,121.606560, , , , , , , , ,82.591200,13.833402, , ,166.729280, , , , , ,48.007400, , , ,62.787552, , , ,9.107644, , , ,27.704816,113.545520, , , ,44.992400, , , , , , ,95.829520, ,143.780080, ,71.885560, , , , ,79.376880, , ,104.423800, ,217.229840, , , ,14.731325, , , ,46.030587,29.172280,14.137003,18.826191, , ,20.322680,15.408953,21.171549, , , ,21.858704,20.456935,29.727615,23.354126, , ,20.426025, , , ,59.106032,30.306142, , ,198.387760, , ,144.006880, , , ,138.235200,42.297520,55.260600, , , ,23.696594, ,123.350640, ,32.218136, , ,80.273000, , , , ,50.293627, , , , , , , ,34.273520,19.657214,11.101851, ,41.138947,25.533760, , , , , , , , , ,43.626270, ,50.164347, , ,145.597760,83.581600, ,75.209260,232.903200,50.231653, ,50.248560,60.181120, ,34.734578, ,79.570680,29.584480, , , , ,6.862612,42.143200, ,52.010453, ,22.312379, , , ,274.089760, ,14.264016, , , , , , , ,15.155244, ,34.563520, , , ,41.118973, , , ,9.162445, ,35.221017, ,57.674120, , , , , , ,23.609640, , , , , , ,16.529412,82.912720, , ,20.712640, ,41.342080,330.578800,44.480640, ,77.946187, , , , , , , ,19.681732, , , , , , , , , ,45.190240, , , , ,120.362120, , , , ,48.147360,61.071320, , , , , , , , ,31.846040, , , , , , , , , , ,21.070144, ,237.312880, ,24.270954, ,105.094853,30.029120, , , ,22.544720, ,35.012436,59.918256, , , , , ,62.162400,61.565920,74.964460, , ,49.992307, ,99.921573, ,82.902640,19.311618,288.505360,35.520818,39.931720,96.226960, ,15.833265,13.443902, , , , , , , , , ,12.592776,20.374219,49.781200,33.878249, ,43.614011, ,19.663609, , , , , , ,195.097680
    Inter-Burst Interval - Std (sec), , , , ,41.474397, , , ,29.361924, ,40.596377, , ,28.633402, ,73.505494, , ,43.179571,25.554394, , , , ,24.698510,8.185336,8.097228, , ,5.738110, , , ,8.826721, , , , , , ,11.682280, ,14.692421, , , ,1.890238, , , , , , , , , , , , , , , , ,19.735016,11.199560, , , , , , , , ,37.487954, , , ,48.365500, , , ,9.576332, , , ,19.027107, , , , ,31.370051, , , , , , ,45.052921, ,103.904646, ,4.887444, , , , , , , ,48.059219, , , , , ,11.031916, , , ,27.486345,14.715015,10.521536,8.973940, , ,0.090453,10.748147,14.158677, , , ,11.751675,15.835915,9.682614,10.776262, , ,12.706707, , , ,49.930439,21.812332, , , , , ,47.633202, , , , , ,71.987730, , , ,22.168342, , , ,25.625935, , ,32.164138, , , , ,43.000389, , , , , , , ,13.004803,12.838143,8.879606, ,35.018262, , , , , , , , , , ,34.122530, ,39.682724, , , , , ,12.296783, ,39.850645, ,34.907269,34.991419, ,21.740941, ,81.284527,22.568358, , , , ,6.092168, , ,38.417269, ,6.800539, , , , , ,12.306128, , , , , , , ,13.981191, , , , , ,33.838628, , , ,11.819767, ,27.985173, ,20.306919, , , , , , ,7.656156, , , , , , ,12.375543, , , ,9.671243, ,20.448822, ,33.964545, ,40.212509, , , , , , , ,14.190623, , , , , , , , , ,30.048505, , , , ,3.385797, , , , ,26.855477,4.099692, , , , , , , , ,16.029956, , , , , , , , , , ,12.958290, , , ,10.936101, ,89.217801, , , , ,12.018844, ,19.599157,24.670571, , , , , ,46.657185,46.986108,49.992661, , ,4.671861, ,84.040893, ,54.275837,14.266663, ,39.221551,23.740177,48.588378, ,12.703433,11.428660, , , , , , , , , ,9.614288,13.843959,45.200645,21.612799, ,26.057588, ,11.762332, , , , , , , 
    Burst Frequency (Hz), ,0.004505, ,0.002252,0.018018, , , ,0.009009, ,0.009009, , ,0.018018, ,0.009009, , ,0.011261,0.015766, , , , ,0.018018,0.042793,0.060811, , ,0.033784, , , ,0.022523, , , , , , ,0.045045, ,0.027027, , , ,0.006757, , ,0.002252, , , , ,0.004505, , , , , , , , ,0.009009,0.058559, , ,0.004505, , , , , ,0.015766, , , ,0.013514, , , ,0.083333, ,0.002252, ,0.013514,0.004505,0.002252, , ,0.015766, , , , , , ,0.009009, ,0.006757, ,0.011261, , , , ,0.004505,0.002252, ,0.006757,0.002252,0.004505, , , ,0.054054, , , ,0.015766,0.029279,0.056306,0.042793, , ,0.006757,0.051802,0.033784, , , ,0.036036,0.038288,0.027027,0.033784, , ,0.038288, , , ,0.013514,0.022523, , ,0.004505, , ,0.006757, , , ,0.004505,0.004505,0.015766,0.002252, , ,0.033784, ,0.004505, ,0.024775, , ,0.006757, , , , ,0.015766, , ,0.002252, , , , ,0.020270,0.040541,0.069820, ,0.015766,0.004505, , , , , , , , , ,0.020270,0.002252,0.015766, , ,0.004505,0.004505, ,0.011261,0.004505,0.015766, ,0.015766,0.013514,0.002252,0.022523, ,0.006757,0.018018, , , ,0.002252,0.117117,0.004505, ,0.015766, ,0.036036,0.002252, , ,0.004505, ,0.058559, , , ,0.002252, , , ,0.051802, ,0.004505, , , ,0.015766,0.002252, ,0.002252,0.069820, ,0.018018, ,0.006757,0.002252,0.002252, , , ,0.002252,0.033784, , , , , , ,0.047297,0.004505, , ,0.038288, ,0.020270,0.004505,0.006757, ,0.009009, , , , ,0.002252, , ,0.040541, , , , , , , , , ,0.011261,0.002252, ,0.002252, ,0.006757, , , , ,0.013514,0.006757,0.002252, , , , , , , ,0.011261, ,0.002252, , , , ,0.002252, , ,0.002252,0.036036, ,0.004505,0.002252,0.031532, ,0.009009,0.004505, ,0.002252, ,0.033784, ,0.022523,0.013514, , , , , ,0.011261,0.011261,0.011261, , ,0.015766, ,0.009009, ,0.009009,0.042793,0.004505,0.022523,0.020270,0.009009, ,0.051802,0.060811, , , , , , , , , ,0.063063,0.036036,0.013514,0.022523, ,0.018018, ,0.040541, , , , , , ,0.004505
    IBI Coefficient of Variation, , , , ,0.843925, , , ,0.299710, ,0.530367, , ,0.682193, ,0.750050, , ,0.612771,0.766502, , , , ,0.518850,0.442178,0.606439, , ,0.259106, , , ,0.299324, , , , , , ,0.681722, ,0.497617, , , ,0.023883, , , , , , , , , , , , , , , , ,0.238948,0.809603, , , , , , , , ,0.780879, , , ,0.770304, , , ,1.051461, , , ,0.686780, , , , ,0.697230, , , , , , ,0.470136, ,0.722664, ,0.067989, , , , , , , ,0.460232, , , , , ,0.748875, , , ,0.597132,0.504418,0.744255,0.476673, , ,0.004451,0.697526,0.668760, , , ,0.537620,0.774110,0.325711,0.461429, , ,0.622084, , , ,0.844760,0.719733, , , , , ,0.330770, , , , , ,1.302695, , , ,0.935508, , , ,0.795389, , ,0.400684, , , , ,0.854987, , , , , , , ,0.379442,0.653101,0.799831, ,0.851219, , , , , , , , , , ,0.782156, ,0.791054, , , , , ,0.163501, ,0.793337, ,0.694692,0.581435, ,0.625916, ,1.021539,0.762845, , , , ,0.887733, , ,0.738645, ,0.304788, , , , , ,0.862739, , , , , , , ,0.922532, , , , , ,0.822944, , , ,1.290023, ,0.794559, ,0.352098, , , , , , ,0.324281, , , , , , ,0.748698, , , ,0.466925, ,0.494625, ,0.763580, ,0.515901, , , , , , , ,0.721005, , , , , , , , , ,0.664934, , , , ,0.028130, , , , ,0.557777,0.067130, , , , , , , , ,0.503358, , , , , , , , , , ,0.615007, , , ,0.450584, ,0.848926, , , , ,0.533111, ,0.559777,0.411737, , , , , ,0.750569,0.763184,0.666885, , ,0.093452, ,0.841069, ,0.654694,0.738761, ,1.104185,0.594519,0.504935, ,0.802326,0.850100, , , , , , , , , ,0.763476,0.679484,0.907986,0.637955, ,0.597459, ,0.598178, , , , , , , 
    Normalized Duration IQR, , , , ,0.222808, , , ,0.262454, ,0.349201, , ,0.707671, ,0.029967, , ,0.254147,0.483420, , , , ,0.425867,0.727593,0.420872, , ,0.310196, , , ,0.399645, , , , , , ,0.332780, ,0.292862, , , , , , , , , , , , , , , , , , , , ,0.210000,1.294238, , , , , , , , ,0.628041, , , ,0.302705, , , ,0.585018, , , ,0.279038, , , , ,0.680398, , , , , , ,0.228182, , , ,0.248176, , , , , , , , , , , , , ,0.524084, , , ,0.796708,1.062183,0.483109,0.597052, , , ,1.141872,1.017277, , , ,0.450594,0.415196,0.282951,0.556276, , ,0.620968, , , ,0.155871,0.470123, , , , , , , , , , , ,1.912132, , , ,1.503415, , , ,1.681986, , , , , , , ,0.551482, , , , , , , ,0.244385,0.699195,0.957835, ,0.192550, , , , , , , , , , ,0.822161, ,0.456522, , , , , ,0.297563, ,0.725279, ,0.759773,0.698283, ,0.805841, , ,0.374066, , , , ,0.473537, , ,0.173224, ,0.499425, , , , , ,1.741692, , , , , , , ,0.480590, , , , , ,0.608247, , , ,0.601393, ,0.942110, , , , , , , , ,0.568406, , , , , , ,0.997808, , , ,0.542949, ,0.389365, , , ,0.000000, , , , , , , ,0.555221, , , , , , , , , ,0.294689, , , , , , , , , ,0.837547, , , , , , , , , ,0.118677, , , , , , , , , , ,0.481319, , , ,0.608369, ,0.082564, , , , ,1.065476, ,0.333223,0.665913, , , , , ,0.214476,1.295794,0.329829, , ,0.362565, ,0.133609, ,0.048687,0.617292, ,0.757812,0.663388,0.100725, ,1.163182,1.465092, , , , , , , , , ,0.328608,0.637418,0.797610,0.189154, ,0.364597, ,1.016616, , , , , , , 
    Burst Percentage,0.000000,2.894737,0.000000,8.620690,9.844560,0.000000,0.000000,0.000000,6.918239,0.000000,12.446352,0.000000, ,22.941176,0.000000,5.714286,0.000000,0.000000,10.887097,18.390805,0.000000,0.000000,0.000000,0.000000,28.235294,46.252677,67.924528,0.000000, ,47.342995,0.000000,0.000000,0.000000,35.096154,0.000000,0.000000,0.000000,0.000000,0.000000,0.000000,31.797235,0.000000,27.247956,0.000000, ,0.000000,9.411765,0.000000,0.000000,5.785124,0.000000,0.000000,0.000000,0.000000,8.000000,0.000000, ,0.000000,0.000000,0.000000, ,0.000000,0.000000,9.687500,43.742824,0.000000,0.000000,13.333333,0.000000,0.000000,0.000000,0.000000,0.000000,9.693878,0.000000,0.000000, ,21.176471,0.000000,0.000000,0.000000,40.574282,0.000000,3.816794,0.000000,10.554090,8.771930,7.865169,0.000000,0.000000,12.709030,0.000000, ,0.000000,0.000000,0.000000,0.000000,46.575342,0.000000,10.810811,0.000000,39.220779,0.000000,0.000000,0.000000,0.000000,16.883117,2.958580, ,8.661417,5.376344,4.477612,0.000000,0.000000,0.000000,35.339506,0.000000,0.000000,0.000000,20.253165,19.238901,58.058252,39.927405,0.000000, ,14.912281,57.633588,58.620690,0.000000,0.000000,0.000000,43.165468,38.669951,54.901961,38.869258,0.000000,0.000000,54.947917,0.000000,0.000000, ,16.589862,19.002375,0.000000, ,4.088050,0.000000, ,12.765957,0.000000,0.000000,0.000000,15.151515,5.988024,24.074074,2.054795, ,0.000000,19.298246,0.000000,6.593407,0.000000,46.078431,0.000000,0.000000,8.755760,0.000000,0.000000,0.000000,0.000000,17.167382,0.000000, ,4.402516,0.000000,0.000000,0.000000,0.000000,35.820896,35.650888,28.667954,0.000000,11.290323,4.285714,0.000000,0.000000,0.000000,0.000000, ,0.000000,0.000000,0.000000, ,23.648649,6.172840,70.270270,0.000000,0.000000,5.445545,11.904762,0.000000,17.621145,13.333333,12.211982, ,27.272727,41.228070,6.756757,28.308824,0.000000,6.164384,15.102975,0.000000,0.000000,0.000000,4.065041,78.074866,5.019305,0.000000,17.748918, ,53.385417,5.607477,0.000000,0.000000,4.048583,0.000000,58.507307,0.000000,0.000000, ,1.811594,0.000000,0.000000,0.000000,33.789063, ,14.084507, , ,0.000000,28.469751,4.964539,0.000000,4.424779,29.584665,0.000000,30.392157,0.000000,24.731183,11.111111,5.504587, ,0.000000,0.000000,3.773585,53.974895,0.000000,0.000000,0.000000,0.000000,0.000000,0.000000,36.811594,7.142857,0.000000,0.000000,44.600939, ,38.190955,6.097561,11.627907,0.000000,25.000000,0.000000,0.000000,0.000000,0.000000,5.042017,0.000000, ,27.649007,0.000000,0.000000, ,0.000000,0.000000,0.000000,0.000000,0.000000,0.000000,13.074205,2.358491,0.000000,5.600000,0.000000,27.659574,0.000000,0.000000,0.000000, ,35.772358,25.000000,13.725490,0.000000,0.000000,0.000000,0.000000,0.000000, ,0.000000,14.364641,0.000000,6.493506,0.000000,0.000000, ,0.000000,7.692308,0.000000,0.000000,4.109589,52.705411,0.000000,10.714286,2.890173,58.974359,0.000000,16.428571,13.725490,0.000000,1.255230, ,50.000000,0.000000,30.049261,16.118421,0.000000,0.000000,0.000000,0.000000,0.000000,34.020619,8.971554,25.454545,0.000000,0.000000,10.845987, ,13.765182,0.000000,16.778523,34.848485,9.629630,35.655738,21.686747,17.073171,0.000000,44.648318,45.405405,0.000000,0.000000,0.000000,0.000000, ,0.000000,0.000000,0.000000,0.000000,47.768595,27.404719,28.787879,22.018349,0.000000,33.333333,0.000000,52.545629,0.000000,0.000000,0.000000, ,0.000000,0.000000,3.142857
Viability Metrics
    Resistance (kOhms),16.877196,23.598725,26.366931,24.486186,28.462467,20.690796,24.241007,22.767070,27.260297,23.295673,25.624495,22.735819, ,31.579452,24.855898,21.212210,19.776484,21.116243,25.581174,28.387912,19.971552,16.712470,20.267949,17.937375,24.539863,26.689234,25.386055,26.379552, ,27.962915,19.484648,18.431671,21.185498,27.291368,28.279814,22.405346,20.667181,19.546968,24.613145,25.029599,29.490901,25.612389,28.188216,23.241327, ,30.276834,20.534645,19.854855,23.841917,23.495222,26.981528,25.562061,25.569591,25.788624,30.014106,32.563164,23.344398,28.338049,22.178124,23.797838, ,23.975247,23.255869,33.448965,27.322708,27.458262,21.952811,24.164726,28.455882,28.739042,20.836741,18.566817,29.406554,22.217139,22.437074,32.736159, ,26.430738,26.616236,31.190701,19.400243,28.547626,21.620330,27.519460,22.054404,29.261333,25.209500,30.164699,22.507465,21.115806,26.023140,24.541857, ,22.487173,23.052320,22.232133,22.591105,25.949639,21.125637,25.188992,24.996960,33.182623,24.943480,28.098744,22.626319,21.598357,33.129595,24.479256, ,28.681513,29.999618,26.598412,26.572385,24.310311,24.640556,33.003207,24.861355,24.216830,22.733561,36.319275,32.141347,32.016335,32.861903,26.041537, ,31.955673,37.285690,29.888026,20.284191,27.673502,25.631531,28.632622,37.742006,34.159600,25.105201,25.464397,29.000827,35.346214,22.380015,23.006801, ,32.080733,36.449044,23.225433,16.997095,31.451358,33.485473,17.916344,33.316300,26.452905,27.708741,30.761119,30.853863,30.602712,33.349283,27.596813, ,27.229165,30.533080,29.182540,30.601080,32.754498,37.013357,24.502122,27.191777,29.827356,28.789850,26.686780,27.578725,23.150505,27.572785,27.591044, ,33.702312,21.967953,25.922365,19.631496,25.841534,22.058714,32.172728,39.672430,23.067458,26.683397,29.901767,22.319636,24.067751,22.803936,22.704375, ,22.446229,26.465431,24.566824,19.043789,26.253189,28.770027,27.224220,29.457216,21.851629,26.969916,29.837219,25.452894,26.013460,30.688010,31.610399, ,28.814682,35.351559,28.598428,30.151331,24.968999,24.913610,33.722568,24.875762,24.937334,26.195621,29.694593,27.330923,22.999006,25.048500,26.058106, ,31.155688,26.340187,26.729063,27.859967,31.292451,27.175332,41.576810,28.406745,26.476241, ,27.145186,31.613731,23.111010,30.241982,27.539988, ,30.082224,22.856375,21.337687,21.673145,36.663148,31.117660,23.552302,30.263128,39.840829,28.788456,38.636730,31.915429,28.985985,31.140272,34.968393, ,32.168604,32.381149,36.987121,29.648181,26.367064,26.677638,28.701948,25.900793,29.030856,26.343330,32.846379,25.958640,21.332765,26.275335,34.249704, ,31.556434,28.716300,31.062261,24.364854,27.074539,26.438283,26.031563,25.169239,24.700647,24.185638,27.044982,22.526696,34.436008,23.607763,25.408170, ,24.535124,23.166594,25.394653,26.001455,25.594435,22.205337,33.218473,26.131532,23.372295,25.781677,26.196595,26.072645,25.206376,25.519879,21.537336, ,28.436412,32.898995,28.706413,25.704872,21.127653,25.108564,24.174025,20.644562,17.694918,22.886828,21.906194,20.282554,23.809552,22.390916,20.199421, ,20.403286,26.909401,22.122405,23.886067,27.912267,30.859917,21.739008,30.113271,23.239889,32.476449,23.490154,25.309150,25.838531,23.718077,27.159840, ,30.256526,28.816824,30.258260,24.982800,23.536968,27.838726,21.765143,28.714930,26.991809,33.530223,33.753156,34.171977,30.052355,24.322708,31.491397, ,28.343847,25.114217,29.181237,31.574025,28.457654,33.658024,25.288615,30.961219,28.864629,35.343575,33.848678,25.053270,24.622816,23.772880,25.801611, ,23.614998,27.598246,28.030510,25.540935,32.185686,32.272062,29.385528,26.104675,26.669423,28.632923,30.222700,40.671304,21.061074,23.515263,19.987070, ,21.343788,21.188734,23.812840

